submitted_at_utc	url	job_id
2026-02-16T14:24:24Z	https://docs.ansible.com/	019c66d6-9269-778b-8365-6853768cde9b
2026-02-16T14:24:24Z	https://developer.plex.tv/	019c66d6-943a-70bd-a171-4fb0a029c6a3
2026-02-16T14:24:25Z	https://rustdesk.com/docs/en/	019c66d6-95b6-7507-8173-da393525c1a6
2026-02-16T14:24:26Z	https://developer.android.com	019c66d6-9a1e-7764-a236-2e1fd97c7fcf
2026-02-16T14:24:27Z	https://developer.chrome.com/	019c66d6-9d36-76f7-a247-fa11d2b4cfd4
2026-02-16T14:24:27Z	https://fastapi.tiangolo.com/	019c66d6-9fda-701f-ad22-381d167adab3
2026-02-16T14:24:28Z	https://docs.cloud.google.com/docs	019c66d6-a1e5-717b-8017-ac798bb52d92
2026-02-16T14:24:29Z	https://docs.warp.dev/	019c66d6-a4b8-75ac-b13e-642d6de38b0c
2026-02-16T14:24:29Z	https://help.ui.com/hc/en-us	019c66d6-a7c0-7512-8b19-d258a9e92b05
2026-02-16T14:24:30Z	https://platejs.org/docs/	019c66d6-a9e5-724b-a7cd-3104919e0b4e
2026-02-16T14:24:31Z	https://zed.dev/docs/	019c66d6-aca7-7472-9460-9064ac138e30
2026-02-16T14:24:31Z	https://tailscale.com/docs	019c66d6-afc3-71b3-9f99-5c8f9d7b254b
2026-02-16T14:24:32Z	https://docs.unraid.net	019c66d6-b20e-7678-b269-4ba6918bd470
2026-02-16T14:24:33Z	https://docs.docker.com/	019c66d6-b46a-709c-b7df-ee1e409038f2
2026-02-16T14:24:33Z	https://docs.github.com/copilot/	019c66d6-b7cf-771b-a4e4-829763c65b32
